Hs,T1,wave_N,wave_M,s,main_theta,wave_type,depth,
0,3,30,20,5,1.0472,JONSWAP,20
index,amplitude,omega,delta_omega,k,phase,theta,
0,0,0.1,0.0124437,0.0321186,2.50547,0
1,0,0.1,0.0124437,0.0321186,3.17482,0.314159
2,0,0.1,0.0124437,0.0321186,4.20909,0.628319
3,0,0.1,0.0124437,0.0321186,5.05029,0.942478
4,0,0.1,0.0124437,0.0321186,5.30232,1.25664
5,0,0.1,0.0124437,0.0321186,3.35269,1.5708
6,0,0.1,0.0124437,0.0321186,3.88935,1.88496
7,0,0.1,0.0124437,0.0321186,5.50288,2.19911
8,0,0.1,0.0124437,0.0321186,2.96099,2.51327
9,0,0.1,0.0124437,0.0321186,5.13042,2.82743
10,0,0.1,0.0124437,0.0321186,0.359477,3.14159
11,0,0.1,0.0124437,0.0321186,5.2124,3.45575
12,0,0.1,0.0124437,0.0321186,4.10843,3.76991
13,0,0.1,0.0124437,0.0321186,5.98375,4.08407
14,0,0.1,0.0124437,0.0321186,1.08031,4.39823
15,0,0.1,0.0124437,0.0321186,0.190859,4.71239
16,0,0.1,0.0124437,0.0321186,5.62678,5.02655
17,0,0.1,0.0124437,0.0321186,4.08455,5.34071
18,0,0.1,0.0124437,0.0321186,6.02334,5.65487
19,0,0.1,0.0124437,0.0321186,1.87204,5.96903
20,0,0.112444,0.0124437,0.0321293,0.7001,0
21,0,0.112444,0.0124437,0.0321293,2.4448,0.314159
22,0,0.112444,0.0124437,0.0321293,5.59727,0.628319
23,0,0.112444,0.0124437,0.0321293,3.37372,0.942478
24,0,0.112444,0.0124437,0.0321293,5.56112,1.25664
25,0,0.112444,0.0124437,0.0321293,3.45403,1.5708
26,0,0.112444,0.0124437,0.0321293,3.80844,1.88496
27,0,0.112444,0.0124437,0.0321293,0.546264,2.19911
28,0,0.112444,0.0124437,0.0321293,4.84533,2.51327
29,0,0.112444,0.0124437,0.0321293,0.00121739,2.82743
30,0,0.112444,0.0124437,0.0321293,5.29752,3.14159
31,0,0.112444,0.0124437,0.0321293,4.38736,3.45575
32,0,0.112444,0.0124437,0.0321293,4.88223,3.76991
33,0,0.112444,0.0124437,0.0321293,0.793235,4.08407
34,0,0.112444,0.0124437,0.0321293,4.88194,4.39823
35,0,0.112444,0.0124437,0.0321293,0.186336,4.71239
36,0,0.112444,0.0124437,0.0321293,1.42134,5.02655
37,0,0.112444,0.0124437,0.0321293,0.273909,5.34071
38,0,0.112444,0.0124437,0.0321293,6.06537,5.65487
39,0,0.112444,0.0124437,0.0321293,5.68136,5.96903
40,0,0.126436,0.0139922,0.0321463,2.95337,0
41,0,0.126436,0.0139922,0.0321463,3.03145,0.314159
42,0,0.126436,0.0139922,0.0321463,0.751998,0.628319
43,0,0.126436,0.0139922,0.0321463,2.65498,0.942478
44,0,0.126436,0.0139922,0.0321463,1.31161,1.25664
45,0,0.126436,0.0139922,0.0321463,5.08812,1.5708
46,0,0.126436,0.0139922,0.0321463,3.16506,1.88496
47,0,0.126436,0.0139922,0.0321463,1.14021,2.19911
48,0,0.126436,0.0139922,0.0321463,5.8395,2.51327
49,0,0.126436,0.0139922,0.0321463,2.0412,2.82743
50,0,0.126436,0.0139922,0.0321463,2.60661,3.14159
51,0,0.126436,0.0139922,0.0321463,0.00797789,3.45575
52,0,0.126436,0.0139922,0.0321463,2.12761,3.76991
53,0,0.126436,0.0139922,0.0321463,3.18172,4.08407
54,0,0.126436,0.0139922,0.0321463,2.68641,4.39823
55,0,0.126436,0.0139922,0.0321463,2.99291,4.71239
56,0,0.126436,0.0139922,0.0321463,1.34951,5.02655
57,0,0.126436,0.0139922,0.0321463,0.980418,5.34071
58,0,0.126436,0.0139922,0.0321463,4.12247,5.65487
59,0,0.126436,0.0139922,0.0321463,3.07528,5.96903
60,0,0.142169,0.0157333,0.0321736,6.02935,0
61,0,0.142169,0.0157333,0.0321736,6.12455,0.314159
62,0,0.142169,0.0157333,0.0321736,3.43722,0.628319
63,0,0.142169,0.0157333,0.0321736,6.0349,0.942478
64,0,0.142169,0.0157333,0.0321736,1.73259,1.25664
65,0,0.142169,0.0157333,0.0321736,5.7256,1.5708
66,0,0.142169,0.0157333,0.0321736,1.69325,1.88496
67,0,0.142169,0.0157333,0.0321736,4.87213,2.19911
68,0,0.142169,0.0157333,0.0321736,0.783427,2.51327
69,0,0.142169,0.0157333,0.0321736,5.12619,2.82743
70,0,0.142169,0.0157333,0.0321736,4.25741,3.14159
71,0,0.142169,0.0157333,0.0321736,3.43408,3.45575
72,0,0.142169,0.0157333,0.0321736,5.69445,3.76991
73,0,0.142169,0.0157333,0.0321736,2.44024,4.08407
74,0,0.142169,0.0157333,0.0321736,0.777657,4.39823
75,0,0.142169,0.0157333,0.0321736,4.91778,4.71239
76,0,0.142169,0.0157333,0.0321736,4.15646,5.02655
77,0,0.142169,0.0157333,0.0321736,2.13931,5.34071
78,0,0.142169,0.0157333,0.0321736,2.11235,5.65487
79,0,0.142169,0.0157333,0.0321736,3.18359,5.96903
80,0,0.15986,0.0176911,0.0322171,4.68407,0
81,0,0.15986,0.0176911,0.0322171,2.10217,0.314159
82,0,0.15986,0.0176911,0.0322171,0.11753,0.628319
83,0,0.15986,0.0176911,0.0322171,3.05162,0.942478
84,0,0.15986,0.0176911,0.0322171,2.57422,1.25664
85,0,0.15986,0.0176911,0.0322171,0.258895,1.5708
86,0,0.15986,0.0176911,0.0322171,2.72904,1.88496
87,0,0.15986,0.0176911,0.0322171,0.904398,2.19911
88,0,0.15986,0.0176911,0.0322171,3.90435,2.51327
89,0,0.15986,0.0176911,0.0322171,0.548454,2.82743
90,0,0.15986,0.0176911,0.0322171,1.08553,3.14159
91,0,0.15986,0.0176911,0.0322171,6.11497,3.45575
92,0,0.15986,0.0176911,0.0322171,2.28843,3.76991
93,0,0.15986,0.0176911,0.0322171,4.38032,4.08407
94,0,0.15986,0.0176911,0.0322171,0.812247,4.39823
95,0,0.15986,0.0176911,0.0322171,0.765305,4.71239
96,0,0.15986,0.0176911,0.0322171,5.81927,5.02655
97,0,0.15986,0.0176911,0.0322171,4.61506,5.34071
98,0,0.15986,0.0176911,0.0322171,2.90257,5.65487
99,0,0.15986,0.0176911,0.0322171,1.99934,5.96903
100,0,0.179753,0.0198926,0.0322865,4.85819,0
101,0,0.179753,0.0198926,0.0322865,0.579487,0.314159
102,0,0.179753,0.0198926,0.0322865,2.80885,0.628319
103,0,0.179753,0.0198926,0.0322865,4.52983,0.942478
104,0,0.179753,0.0198926,0.0322865,0.493386,1.25664
105,0,0.179753,0.0198926,0.0322865,3.83577,1.5708
106,0,0.179753,0.0198926,0.0322865,4.50422,1.88496
107,0,0.179753,0.0198926,0.0322865,5.10461,2.19911
108,0,0.179753,0.0198926,0.0322865,1.90353,2.51327
109,0,0.179753,0.0198926,0.0322865,0.995114,2.82743
110,0,0.179753,0.0198926,0.0322865,0.540838,3.14159
111,0,0.179753,0.0198926,0.0322865,4.41757,3.45575
112,0,0.179753,0.0198926,0.0322865,4.41199,3.76991
113,0,0.179753,0.0198926,0.0322865,1.00861,4.08407
114,0,0.179753,0.0198926,0.0322865,4.86315,4.39823
115,0,0.179753,0.0198926,0.0322865,4.11396,4.71239
116,0,0.179753,0.0198926,0.0322865,1.94908,5.02655
117,0,0.179753,0.0198926,0.0322865,5.7403,5.34071
118,0,0.179753,0.0198926,0.0322865,0.1902,5.65487
119,0,0.179753,0.0198926,0.0322865,2.66525,5.96903
120,0,0.202121,0.022368,0.0323972,2.79746,0
121,0,0.202121,0.022368,0.0323972,1.02799,0.314159
122,0,0.202121,0.022368,0.0323972,2.36613,0.628319
123,0,0.202121,0.022368,0.0323972,4.29064,0.942478
124,0,0.202121,0.022368,0.0323972,4.66016,1.25664
125,0,0.202121,0.022368,0.0323972,4.25208,1.5708
126,0,0.202121,0.022368,0.0323972,4.33347,1.88496
127,0,0.202121,0.022368,0.0323972,0.658148,2.19911
128,0,0.202121,0.022368,0.0323972,1.13414,2.51327
129,0,0.202121,0.022368,0.0323972,3.47781,2.82743
130,0,0.202121,0.022368,0.0323972,2.45925,3.14159
131,0,0.202121,0.022368,0.0323972,4.03003,3.45575
132,0,0.202121,0.022368,0.0323972,5.69187,3.76991
133,0,0.202121,0.022368,0.0323972,0.0402013,4.08407
134,0,0.202121,0.022368,0.0323972,2.88017,4.39823
135,0,0.202121,0.022368,0.0323972,4.25632,4.71239
136,0,0.202121,0.022368,0.0323972,5.07806,5.02655
137,0,0.202121,0.022368,0.0323972,4.78037,5.34071
138,0,0.202121,0.022368,0.0323972,2.42638,5.65487
139,0,0.202121,0.022368,0.0323972,5.555,5.96903
140,0,0.227272,0.0251514,0.0325733,2.45926,0
141,0,0.227272,0.0251514,0.0325733,3.29149,0.314159
142,0,0.227272,0.0251514,0.0325733,5.0732,0.628319
143,0,0.227272,0.0251514,0.0325733,5.43007,0.942478
144,0,0.227272,0.0251514,0.0325733,5.44214,1.25664
145,0,0.227272,0.0251514,0.0325733,5.05258,1.5708
146,0,0.227272,0.0251514,0.0325733,3.70193,1.88496
147,0,0.227272,0.0251514,0.0325733,3.98804,2.19911
148,0,0.227272,0.0251514,0.0325733,1.872,2.51327
149,0,0.227272,0.0251514,0.0325733,5.80467,2.82743
150,0,0.227272,0.0251514,0.0325733,1.34637,3.14159
151,0,0.227272,0.0251514,0.0325733,4.67618,3.45575
152,0,0.227272,0.0251514,0.0325733,1.79703,3.76991
153,0,0.227272,0.0251514,0.0325733,4.77198,4.08407
154,0,0.227272,0.0251514,0.0325733,3.52367,4.39823
155,0,0.227272,0.0251514,0.0325733,4.99494,4.71239
156,0,0.227272,0.0251514,0.0325733,0.892976,5.02655
157,0,0.227272,0.0251514,0.0325733,0.991728,5.34071
158,0,0.227272,0.0251514,0.0325733,1.5019,5.65487
159,0,0.227272,0.0251514,0.0325733,5.77335,5.96903
160,0,0.255553,0.0282811,0.0328529,0.621243,0
161,0,0.255553,0.0282811,0.0328529,0.448808,0.314159
162,0,0.255553,0.0282811,0.0328529,3.06532,0.628319
163,0,0.255553,0.0282811,0.0328529,3.35349,0.942478
164,0,0.255553,0.0282811,0.0328529,3.20142,1.25664
165,0,0.255553,0.0282811,0.0328529,1.88452,1.5708
166,0,0.255553,0.0282811,0.0328529,4.05744,1.88496
167,0,0.255553,0.0282811,0.0328529,4.14437,2.19911
168,0,0.255553,0.0282811,0.0328529,5.48216,2.51327
169,0,0.255553,0.0282811,0.0328529,5.50557,2.82743
170,0,0.255553,0.0282811,0.0328529,0.290603,3.14159
171,0,0.255553,0.0282811,0.0328529,1.48567,3.45575
172,0,0.255553,0.0282811,0.0328529,2.73347,3.76991
173,0,0.255553,0.0282811,0.0328529,1.26537,4.08407
174,0,0.255553,0.0282811,0.0328529,2.40343,4.39823
175,0,0.255553,0.0282811,0.0328529,2.02553,4.71239
176,0,0.255553,0.0282811,0.0328529,5.0681,5.02655
177,0,0.255553,0.0282811,0.0328529,1.38524,5.34071
178,0,0.255553,0.0282811,0.0328529,1.75135,5.65487
179,0,0.255553,0.0282811,0.0328529,4.11153,5.96903
180,0,0.287354,0.0318004,0.0332947,5.28022,0
181,0,0.287354,0.0318004,0.0332947,1.35904,0.314159
182,0,0.287354,0.0318004,0.0332947,2.34324,0.628319
183,0,0.287354,0.0318004,0.0332947,6.08664,0.942478
184,0,0.287354,0.0318004,0.0332947,1.43265,1.25664
185,0,0.287354,0.0318004,0.0332947,3.50559,1.5708
186,0,0.287354,0.0318004,0.0332947,3.35532,1.88496
187,0,0.287354,0.0318004,0.0332947,2.01123,2.19911
188,0,0.287354,0.0318004,0.0332947,0.889413,2.51327
189,0,0.287354,0.0318004,0.0332947,0.840573,2.82743
190,0,0.287354,0.0318004,0.0332947,1.93094,3.14159
191,0,0.287354,0.0318004,0.0332947,3.46143,3.45575
192,0,0.287354,0.0318004,0.0332947,3.92895,3.76991
193,0,0.287354,0.0318004,0.0332947,1.60777,4.08407
194,0,0.287354,0.0318004,0.0332947,5.5121,4.39823
195,0,0.287354,0.0318004,0.0332947,4.91129,4.71239
196,0,0.287354,0.0318004,0.0332947,4.82031,5.02655
197,0,0.287354,0.0318004,0.0332947,5.1135,5.34071
198,0,0.287354,0.0318004,0.0332947,4.65996,5.65487
199,0,0.287354,0.0318004,0.0332947,4.80234,5.96903
200,0,0.323111,0.0357575,0.0339884,5.46435,0
201,0,0.323111,0.0357575,0.0339884,6.15531,0.314159
202,0,0.323111,0.0357575,0.0339884,0.351181,0.628319
203,0,0.323111,0.0357575,0.0339884,1.05388,0.942478
204,0,0.323111,0.0357575,0.0339884,0.324196,1.25664
205,0,0.323111,0.0357575,0.0339884,1.9574,1.5708
206,0,0.323111,0.0357575,0.0339884,5.68332,1.88496
207,0,0.323111,0.0357575,0.0339884,6.01785,2.19911
208,0,0.323111,0.0357575,0.0339884,1.51456,2.51327
209,0,0.323111,0.0357575,0.0339884,2.05639,2.82743
210,0,0.323111,0.0357575,0.0339884,5.53921,3.14159
211,0,0.323111,0.0357575,0.0339884,5.18629,3.45575
212,0,0.323111,0.0357575,0.0339884,3.54184,3.76991
213,0,0.323111,0.0357575,0.0339884,1.35034,4.08407
214,0,0.323111,0.0357575,0.0339884,2.67416,4.39823
215,0,0.323111,0.0357575,0.0339884,5.96196,4.71239
216,0,0.323111,0.0357575,0.0339884,0.905559,5.02655
217,0,0.323111,0.0357575,0.0339884,2.77455,5.34071
218,0,0.323111,0.0357575,0.0339884,2.79106,5.65487
219,0,0.323111,0.0357575,0.0339884,5.84938,5.96903
220,0,0.363318,0.0402071,0.0350671,1.41384,0
221,0,0.363318,0.0402071,0.0350671,0.805999,0.314159
222,0,0.363318,0.0402071,0.0350671,5.53938,0.628319
223,0,0.363318,0.0402071,0.0350671,2.40752,0.942478
224,0,0.363318,0.0402071,0.0350671,4.75256,1.25664
225,0,0.363318,0.0402071,0.0350671,0.158536,1.5708
226,0,0.363318,0.0402071,0.0350671,5.36686,1.88496
227,0,0.363318,0.0402071,0.0350671,2.54503,2.19911
228,0,0.363318,0.0402071,0.0350671,0.757217,2.51327
229,0,0.363318,0.0402071,0.0350671,1.22754,2.82743
230,0,0.363318,0.0402071,0.0350671,4.98297,3.14159
231,0,0.363318,0.0402071,0.0350671,4.07516,3.45575
232,0,0.363318,0.0402071,0.0350671,1.30513,3.76991
233,0,0.363318,0.0402071,0.0350671,4.6302,4.08407
234,0,0.363318,0.0402071,0.0350671,1.783,4.39823
235,0,0.363318,0.0402071,0.0350671,5.99222,4.71239
236,0,0.363318,0.0402071,0.0350671,0.812814,5.02655
237,0,0.363318,0.0402071,0.0350671,2.47804,5.34071
238,0,0.363318,0.0402071,0.0350671,1.30977,5.65487
239,0,0.363318,0.0402071,0.0350671,4.30658,5.96903
240,0,0.408529,0.0452103,0.0367202,3.22463,0
241,0,0.408529,0.0452103,0.0367202,6.27422,0.314159
242,0,0.408529,0.0452103,0.0367202,0.227535,0.628319
243,0,0.408529,0.0452103,0.0367202,0.342723,0.942478
244,0,0.408529,0.0452103,0.0367202,1.51914,1.25664
245,0,0.408529,0.0452103,0.0367202,3.32719,1.5708
246,0,0.408529,0.0452103,0.0367202,0.824655,1.88496
247,0,0.408529,0.0452103,0.0367202,1.97529,2.19911
248,0,0.408529,0.0452103,0.0367202,5.17219,2.51327
249,0,0.408529,0.0452103,0.0367202,5.73993,2.82743
250,0,0.408529,0.0452103,0.0367202,0.402646,3.14159
251,0,0.408529,0.0452103,0.0367202,5.58563,3.45575
252,0,0.408529,0.0452103,0.0367202,1.3172,3.76991
253,0,0.408529,0.0452103,0.0367202,0.0967413,4.08407
254,0,0.408529,0.0452103,0.0367202,0.554022,4.39823
255,0,0.408529,0.0452103,0.0367202,0.296055,4.71239
256,0,0.408529,0.0452103,0.0367202,2.74664,5.02655
257,0,0.408529,0.0452103,0.0367202,6.19737,5.34071
258,0,0.408529,0.0452103,0.0367202,4.10606,5.65487
259,0,0.408529,0.0452103,0.0367202,2.94704,5.96903
260,0,0.459365,0.0508362,0.0392021,2.82483,0
261,0,0.459365,0.0508362,0.0392021,2.56027,0.314159
262,0,0.459365,0.0508362,0.0392021,2.85403,0.628319
263,0,0.459365,0.0508362,0.0392021,5.57802,0.942478
264,0,0.459365,0.0508362,0.0392021,6.16936,1.25664
265,0,0.459365,0.0508362,0.0392021,4.60129,1.5708
266,0,0.459365,0.0508362,0.0392021,4.81944,1.88496
267,0,0.459365,0.0508362,0.0392021,5.54196,2.19911
268,0,0.459365,0.0508362,0.0392021,2.28634,2.51327
269,0,0.459365,0.0508362,0.0392021,5.96693,2.82743
270,0,0.459365,0.0508362,0.0392021,3.60563,3.14159
271,0,0.459365,0.0508362,0.0392021,6.11899,3.45575
272,0,0.459365,0.0508362,0.0392021,1.12863,3.76991
273,0,0.459365,0.0508362,0.0392021,5.13813,4.08407
274,0,0.459365,0.0508362,0.0392021,3.42475,4.39823
275,0,0.459365,0.0508362,0.0392021,3.16087,4.71239
276,0,0.459365,0.0508362,0.0392021,4.31059,5.02655
277,0,0.459365,0.0508362,0.0392021,1.74266,5.34071
278,0,0.459365,0.0508362,0.0392021,2.3283,5.65487
279,0,0.459365,0.0508362,0.0392021,2.06183,5.96903
280,0,0.516527,0.0571621,0.0428279,1.28394,0
281,0,0.516527,0.0571621,0.0428279,0.625963,0.314159
282,0,0.516527,0.0571621,0.0428279,2.51621,0.628319
283,0,0.516527,0.0571621,0.0428279,2.05623,0.942478
284,0,0.516527,0.0571621,0.0428279,5.33233,1.25664
285,0,0.516527,0.0571621,0.0428279,5.49315,1.5708
286,0,0.516527,0.0571621,0.0428279,6.23599,1.88496
287,0,0.516527,0.0571621,0.0428279,4.79083,2.19911
288,0,0.516527,0.0571621,0.0428279,1.39225,2.51327
289,0,0.516527,0.0571621,0.0428279,1.64473,2.82743
290,0,0.516527,0.0571621,0.0428279,1.60349,3.14159
291,0,0.516527,0.0571621,0.0428279,5.49325,3.45575
292,0,0.516527,0.0571621,0.0428279,2.99324,3.76991
293,0,0.516527,0.0571621,0.0428279,3.07639,4.08407
294,0,0.516527,0.0571621,0.0428279,3.00903,4.39823
295,0,0.516527,0.0571621,0.0428279,0.969236,4.71239
296,0,0.516527,0.0571621,0.0428279,2.61704,5.02655
297,0,0.516527,0.0571621,0.0428279,3.21223,5.34071
298,0,0.516527,0.0571621,0.0428279,2.59113,5.65487
299,0,0.516527,0.0571621,0.0428279,4.47858,5.96903
300,0,0.580802,0.0642752,0.0479528,0.0691629,0
301,0,0.580802,0.0642752,0.0479528,5.30305,0.314159
302,0,0.580802,0.0642752,0.0479528,3.3178,0.628319
303,0,0.580802,0.0642752,0.0479528,2.23836,0.942478
304,0,0.580802,0.0642752,0.0479528,2.94258,1.25664
305,0,0.580802,0.0642752,0.0479528,4.39058,1.5708
306,0,0.580802,0.0642752,0.0479528,2.28751,1.88496
307,0,0.580802,0.0642752,0.0479528,0.711941,2.19911
308,0,0.580802,0.0642752,0.0479528,2.39564,2.51327
309,0,0.580802,0.0642752,0.0479528,4.57289,2.82743
310,0,0.580802,0.0642752,0.0479528,4.26762,3.14159
311,0,0.580802,0.0642752,0.0479528,3.84995,3.45575
312,0,0.580802,0.0642752,0.0479528,3.82,3.76991
313,0,0.580802,0.0642752,0.0479528,3.70699,4.08407
314,0,0.580802,0.0642752,0.0479528,3.38636,4.39823
315,0,0.580802,0.0642752,0.0479528,4.14601,4.71239
316,0,0.580802,0.0642752,0.0479528,3.55577,5.02655
317,0,0.580802,0.0642752,0.0479528,0.111852,5.34071
318,0,0.580802,0.0642752,0.0479528,0.914889,5.65487
319,0,0.580802,0.0642752,0.0479528,1.3977,5.96903
320,0,0.653076,0.0722734,0.0549497,5.69257,0
321,0,0.653076,0.0722734,0.0549497,5.98034,0.314159
322,0,0.653076,0.0722734,0.0549497,2.18179,0.628319
323,0,0.653076,0.0722734,0.0549497,3.03271,0.942478
324,0,0.653076,0.0722734,0.0549497,2.7054,1.25664
325,0,0.653076,0.0722734,0.0549497,0.113607,1.5708
326,0,0.653076,0.0722734,0.0549497,5.44851,1.88496
327,0,0.653076,0.0722734,0.0549497,0.0938043,2.19911
328,0,0.653076,0.0722734,0.0549497,2.99875,2.51327
329,0,0.653076,0.0722734,0.0549497,2.41435,2.82743
330,0,0.653076,0.0722734,0.0549497,4.61643,3.14159
331,0,0.653076,0.0722734,0.0549497,2.03092,3.45575
332,0,0.653076,0.0722734,0.0549497,3.76351,3.76991
333,0,0.653076,0.0722734,0.0549497,5.20656,4.08407
334,0,0.653076,0.0722734,0.0549497,3.48464,4.39823
335,0,0.653076,0.0722734,0.0549497,6.1505,4.71239
336,0,0.653076,0.0722734,0.0549497,4.45845,5.02655
337,0,0.653076,0.0722734,0.0549497,3.97654,5.34071
338,0,0.653076,0.0722734,0.0549497,5.76929,5.65487
339,0,0.653076,0.0722734,0.0549497,1.16873,5.96903
340,0,0.734343,0.0812669,0.0642347,2.34829,0
341,0,0.734343,0.0812669,0.0642347,1.7406,0.314159
342,0,0.734343,0.0812669,0.0642347,3.96048,0.628319
343,0,0.734343,0.0812669,0.0642347,0.896719,0.942478
344,0,0.734343,0.0812669,0.0642347,5.50636,1.25664
345,0,0.734343,0.0812669,0.0642347,0.851202,1.5708
346,0,0.734343,0.0812669,0.0642347,4.74393,1.88496
347,0,0.734343,0.0812669,0.0642347,4.82885,2.19911
348,0,0.734343,0.0812669,0.0642347,0.116459,2.51327
349,0,0.734343,0.0812669,0.0642347,5.27259,2.82743
350,0,0.734343,0.0812669,0.0642347,3.15777,3.14159
351,0,0.734343,0.0812669,0.0642347,0.89607,3.45575
352,0,0.734343,0.0812669,0.0642347,3.20363,3.76991
353,0,0.734343,0.0812669,0.0642347,1.14293,4.08407
354,0,0.734343,0.0812669,0.0642347,3.96974,4.39823
355,0,0.734343,0.0812669,0.0642347,2.32432,4.71239
356,0,0.734343,0.0812669,0.0642347,2.1061,5.02655
357,0,0.734343,0.0812669,0.0642347,5.61439,5.34071
358,0,0.734343,0.0812669,0.0642347,0.620841,5.65487
359,0,0.734343,0.0812669,0.0642347,4.28015,5.96903
360,0,0.825722,0.0913795,0.0763916,4.97394,0
361,0,0.825722,0.0913795,0.0763916,3.76983,0.314159
362,0,0.825722,0.0913795,0.0763916,1.73779,0.628319
363,0,0.825722,0.0913795,0.0763916,1.53198,0.942478
364,0,0.825722,0.0913795,0.0763916,5.23568,1.25664
365,0,0.825722,0.0913795,0.0763916,6.17557,1.5708
366,0,0.825722,0.0913795,0.0763916,4.94149,1.88496
367,0,0.825722,0.0913795,0.0763916,5.82283,2.19911
368,0,0.825722,0.0913795,0.0763916,4.63746,2.51327
369,0,0.825722,0.0913795,0.0763916,4.67298,2.82743
370,0,0.825722,0.0913795,0.0763916,5.15865,3.14159
371,0,0.825722,0.0913795,0.0763916,5.33547,3.45575
372,0,0.825722,0.0913795,0.0763916,0.473547,3.76991
373,0,0.825722,0.0913795,0.0763916,0.114032,4.08407
374,0,0.825722,0.0913795,0.0763916,5.98241,4.39823
375,0,0.825722,0.0913795,0.0763916,5.19455,4.71239
376,0,0.825722,0.0913795,0.0763916,3.56846,5.02655
377,0,0.825722,0.0913795,0.0763916,3.20148,5.34071
378,0,0.825722,0.0913795,0.0763916,5.26604,5.65487
379,0,0.825722,0.0913795,0.0763916,4.25737,5.96903
380,0,0.928473,0.102751,0.0923583,4.98398,0
381,0,0.928473,0.102751,0.0923583,0.362583,0.314159
382,0,0.928473,0.102751,0.0923583,1.5744,0.628319
383,0,0.928473,0.102751,0.0923583,5.07144,0.942478
384,0,0.928473,0.102751,0.0923583,2.08561,1.25664
385,0,0.928473,0.102751,0.0923583,2.89246,1.5708
386,0,0.928473,0.102751,0.0923583,4.44811,1.88496
387,0,0.928473,0.102751,0.0923583,3.53912,2.19911
388,0,0.928473,0.102751,0.0923583,2.38098,2.51327
389,0,0.928473,0.102751,0.0923583,1.61837,2.82743
390,0,0.928473,0.102751,0.0923583,3.56812,3.14159
391,0,0.928473,0.102751,0.0923583,2.48168,3.45575
392,0,0.928473,0.102751,0.0923583,1.25926,3.76991
393,0,0.928473,0.102751,0.0923583,0.749449,4.08407
394,0,0.928473,0.102751,0.0923583,2.71435,4.39823
395,0,0.928473,0.102751,0.0923583,3.2321,4.71239
396,0,0.928473,0.102751,0.0923583,4.31227,5.02655
397,0,0.928473,0.102751,0.0923583,1.66079,5.34071
398,0,0.928473,0.102751,0.0923583,1.86882,5.65487
399,0,0.928473,0.102751,0.0923583,0.990039,5.96903
400,0,1.04401,0.115537,0.113504,3.49795,0
401,0,1.04401,0.115537,0.113504,3.39286,0.314159
402,0,1.04401,0.115537,0.113504,5.1961,0.628319
403,0,1.04401,0.115537,0.113504,5.33035,0.942478
404,0,1.04401,0.115537,0.113504,5.98711,1.25664
405,0,1.04401,0.115537,0.113504,5.70455,1.5708
406,0,1.04401,0.115537,0.113504,5.38939,1.88496
407,0,1.04401,0.115537,0.113504,3.00355,2.19911
408,0,1.04401,0.115537,0.113504,1.5488,2.51327
409,0,1.04401,0.115537,0.113504,3.18096,2.82743
410,0,1.04401,0.115537,0.113504,0.778689,3.14159
411,0,1.04401,0.115537,0.113504,4.67942,3.45575
412,0,1.04401,0.115537,0.113504,2.77814,3.76991
413,0,1.04401,0.115537,0.113504,0.731024,4.08407
414,0,1.04401,0.115537,0.113504,3.55168,4.39823
415,0,1.04401,0.115537,0.113504,5.21026,4.71239
416,0,1.04401,0.115537,0.113504,4.93897,5.02655
417,0,1.04401,0.115537,0.113504,4.50763,5.34071
418,0,1.04401,0.115537,0.113504,3.93583,5.65487
419,0,1.04401,0.115537,0.113504,4.41264,5.96903
420,0,1.17392,0.129914,0.141462,1.55761,0
421,0,1.17392,0.129914,0.141462,2.41831,0.314159
422,0,1.17392,0.129914,0.141462,5.86799,0.628319
423,0,1.17392,0.129914,0.141462,4.26978,0.942478
424,0,1.17392,0.129914,0.141462,0.532353,1.25664
425,0,1.17392,0.129914,0.141462,3.55507,1.5708
426,0,1.17392,0.129914,0.141462,1.02371,1.88496
427,0,1.17392,0.129914,0.141462,1.17402,2.19911
428,0,1.17392,0.129914,0.141462,0.325711,2.51327
429,0,1.17392,0.129914,0.141462,2.99024,2.82743
430,0,1.17392,0.129914,0.141462,1.57043,3.14159
431,0,1.17392,0.129914,0.141462,2.56465,3.45575
432,0,1.17392,0.129914,0.141462,1.74702,3.76991
433,0,1.17392,0.129914,0.141462,0.740453,4.08407
434,0,1.17392,0.129914,0.141462,4.86047,4.39823
435,0,1.17392,0.129914,0.141462,0.439755,4.71239
436,0,1.17392,0.129914,0.141462,5.32473,5.02655
437,0,1.17392,0.129914,0.141462,3.49262,5.34071
438,0,1.17392,0.129914,0.141462,5.98029,5.65487
439,0,1.17392,0.129914,0.141462,3.5856,5.96903
440,0,1.32,0.14608,0.177904,0.948698,0
441,0,1.32,0.14608,0.177904,4.2317,0.314159
442,0,1.32,0.14608,0.177904,2.68853,0.628319
443,0,1.32,0.14608,0.177904,0.896966,0.942478
444,0,1.32,0.14608,0.177904,3.70313,1.25664
445,0,1.32,0.14608,0.177904,6.03749,1.5708
446,0,1.32,0.14608,0.177904,6.16031,1.88496
447,0,1.32,0.14608,0.177904,1.30899,2.19911
448,0,1.32,0.14608,0.177904,3.02842,2.51327
449,0,1.32,0.14608,0.177904,6.17306,2.82743
450,0,1.32,0.14608,0.177904,2.02998,3.14159
451,0,1.32,0.14608,0.177904,3.75523,3.45575
452,0,1.32,0.14608,0.177904,6.05902,3.76991
453,0,1.32,0.14608,0.177904,2.47047,4.08407
454,0,1.32,0.14608,0.177904,5.98808,4.39823
455,0,1.32,0.14608,0.177904,1.61428,4.71239
456,0,1.32,0.14608,0.177904,4.7455,5.02655
457,0,1.32,0.14608,0.177904,2.21367,5.34071
458,0,1.32,0.14608,0.177904,5.19585,5.65487
459,0,1.32,0.14608,0.177904,6.23226,5.96903
460,0,1.48426,0.164257,0.224626,5.37781,0
461,0,1.48426,0.164257,0.224626,2.17952,0.314159
462,0,1.48426,0.164257,0.224626,2.60841,0.628319
463,0,1.48426,0.164257,0.224626,4.83583,0.942478
464,0,1.48426,0.164257,0.224626,5.73581,1.25664
465,0,1.48426,0.164257,0.224626,2.01723,1.5708
466,0,1.48426,0.164257,0.224626,2.34536,1.88496
467,0,1.48426,0.164257,0.224626,4.41602,2.19911
468,0,1.48426,0.164257,0.224626,2.47367,2.51327
469,0,1.48426,0.164257,0.224626,2.72844,2.82743
470,0,1.48426,0.164257,0.224626,2.04052,3.14159
471,0,1.48426,0.164257,0.224626,5.16201,3.45575
472,0,1.48426,0.164257,0.224626,4.90073,3.76991
473,0,1.48426,0.164257,0.224626,1.73606,4.08407
474,0,1.48426,0.164257,0.224626,5.78588,4.39823
475,0,1.48426,0.164257,0.224626,3.93696,4.71239
476,0,1.48426,0.164257,0.224626,4.78294,5.02655
477,0,1.48426,0.164257,0.224626,5.82509,5.34071
478,0,1.48426,0.164257,0.224626,0.0707333,5.65487
479,0,1.48426,0.164257,0.224626,3.28401,5.96903
480,0,1.66896,0.184697,0.283943,3.14914,0
481,0,1.66896,0.184697,0.283943,0.360735,0.314159
482,0,1.66896,0.184697,0.283943,3.44849,0.628319
483,0,1.66896,0.184697,0.283943,5.1707,0.942478
484,0,1.66896,0.184697,0.283943,5.00444,1.25664
485,0,1.66896,0.184697,0.283943,4.83846,1.5708
486,0,1.66896,0.184697,0.283943,1.64478,1.88496
487,0,1.66896,0.184697,0.283943,0.496224,2.19911
488,0,1.66896,0.184697,0.283943,2.13816,2.51327
489,0,1.66896,0.184697,0.283943,0.544326,2.82743
490,0,1.66896,0.184697,0.283943,0.537505,3.14159
491,0,1.66896,0.184697,0.283943,0.994659,3.45575
492,0,1.66896,0.184697,0.283943,1.5261,3.76991
493,0,1.66896,0.184697,0.283943,4.07958,4.08407
494,0,1.66896,0.184697,0.283943,4.01801,4.39823
495,0,1.66896,0.184697,0.283943,6.10806,4.71239
496,0,1.66896,0.184697,0.283943,3.70197,5.02655
497,0,1.66896,0.184697,0.283943,0.228819,5.34071
498,0,1.66896,0.184697,0.283943,1.46887,5.65487
499,0,1.66896,0.184697,0.283943,4.26876,5.96903
500,0,1.87664,0.20768,0.358998,2.45087,0
501,0,1.87664,0.20768,0.358998,1.4046,0.314159
502,0,1.87664,0.20768,0.358998,3.63872,0.628319
503,0,1.87664,0.20768,0.358998,2.38692,0.942478
504,0,1.87664,0.20768,0.358998,1.69264,1.25664
505,0,1.87664,0.20768,0.358998,0.894946,1.5708
506,0,1.87664,0.20768,0.358998,0.965395,1.88496
507,0,1.87664,0.20768,0.358998,5.82863,2.19911
508,0,1.87664,0.20768,0.358998,3.32699,2.51327
509,0,1.87664,0.20768,0.358998,1.3777,2.82743
510,0,1.87664,0.20768,0.358998,0.313434,3.14159
511,0,1.87664,0.20768,0.358998,5.58893,3.45575
512,0,1.87664,0.20768,0.358998,2.80272,3.76991
513,0,1.87664,0.20768,0.358998,5.48554,4.08407
514,0,1.87664,0.20768,0.358998,0.678223,4.39823
515,0,1.87664,0.20768,0.358998,1.37954,4.71239
516,0,1.87664,0.20768,0.358998,5.55506,5.02655
517,0,1.87664,0.20768,0.358998,4.66663,5.34071
518,0,1.87664,0.20768,0.358998,1.32454,5.65487
519,0,1.87664,0.20768,0.358998,3.37134,5.96903
520,0,2.11016,0.233524,0.453902,4.88609,0
521,0,2.11016,0.233524,0.453902,4.18594,0.314159
522,0,2.11016,0.233524,0.453902,2.11005,0.628319
523,0,2.11016,0.233524,0.453902,0.907234,0.942478
524,0,2.11016,0.233524,0.453902,2.74858,1.25664
525,0,2.11016,0.233524,0.453902,5.05865,1.5708
526,0,2.11016,0.233524,0.453902,5.72651,1.88496
527,0,2.11016,0.233524,0.453902,2.07526,2.19911
528,0,2.11016,0.233524,0.453902,6.15835,2.51327
529,0,2.11016,0.233524,0.453902,0.147631,2.82743
530,0,2.11016,0.233524,0.453902,3.2405,3.14159
531,0,2.11016,0.233524,0.453902,2.01618,3.45575
532,0,2.11016,0.233524,0.453902,1.21636,3.76991
533,0,2.11016,0.233524,0.453902,2.14704,4.08407
534,0,2.11016,0.233524,0.453902,6.16928,4.39823
535,0,2.11016,0.233524,0.453902,2.83836,4.71239
536,0,2.11016,0.233524,0.453902,3.21659,5.02655
537,0,2.11016,0.233524,0.453902,4.8634,5.34071
538,0,2.11016,0.233524,0.453902,4.87841,5.65487
539,0,2.11016,0.233524,0.453902,5.82025,5.96903
540,0,2.37274,0.262583,0.573895,4.47503,0
541,0,2.37274,0.262583,0.573895,1.41061,0.314159
542,0,2.37274,0.262583,0.573895,1.71558,0.628319
543,0,2.37274,0.262583,0.573895,5.11716,0.942478
544,0,2.37274,0.262583,0.573895,3.41367,1.25664
545,0,2.37274,0.262583,0.573895,4.70574,1.5708
546,0,2.37274,0.262583,0.573895,0.192105,1.88496
547,0,2.37274,0.262583,0.573895,1.65523,2.19911
548,0,2.37274,0.262583,0.573895,2.75843,2.51327
549,0,2.37274,0.262583,0.573895,5.876,2.82743
550,0,2.37274,0.262583,0.573895,2.23127,3.14159
551,0,2.37274,0.262583,0.573895,2.4181,3.45575
552,0,2.37274,0.262583,0.573895,3.61916,3.76991
553,0,2.37274,0.262583,0.573895,2.2308,4.08407
554,0,2.37274,0.262583,0.573895,1.63891,4.39823
555,0,2.37274,0.262583,0.573895,2.9283,4.71239
556,0,2.37274,0.262583,0.573895,4.62814,5.02655
557,0,2.37274,0.262583,0.573895,5.61711,5.34071
558,0,2.37274,0.262583,0.573895,0.45875,5.65487
559,0,2.37274,0.262583,0.573895,0.194359,5.96903
560,0,2.668,0.295258,0.72561,2.23899,0
561,0,2.668,0.295258,0.72561,2.89,0.314159
562,0,2.668,0.295258,0.72561,4.44336,0.628319
563,0,2.668,0.295258,0.72561,0.464402,0.942478
564,0,2.668,0.295258,0.72561,1.01703,1.25664
565,0,2.668,0.295258,0.72561,4.41776,1.5708
566,0,2.668,0.295258,0.72561,4.49138,1.88496
567,0,2.668,0.295258,0.72561,0.934426,2.19911
568,0,2.668,0.295258,0.72561,3.85525,2.51327
569,0,2.668,0.295258,0.72561,4.84265,2.82743
570,0,2.668,0.295258,0.72561,5.90483,3.14159
571,0,2.668,0.295258,0.72561,2.22779,3.45575
572,0,2.668,0.295258,0.72561,4.57929,3.76991
573,0,2.668,0.295258,0.72561,0.426142,4.08407
574,0,2.668,0.295258,0.72561,3.42279,4.39823
575,0,2.668,0.295258,0.72561,1.22535,4.71239
576,0,2.668,0.295258,0.72561,2.00972,5.02655
577,0,2.668,0.295258,0.72561,4.53387,5.34071
578,0,2.668,0.295258,0.72561,5.96542,5.65487
579,0,2.668,0.295258,0.72561,4.71162,5.96903
580,0,3,0.331999,0.917431,4.44374,0
581,0,3,0.331999,0.917431,2.12268,0.314159
582,0,3,0.331999,0.917431,3.08507,0.628319
583,0,3,0.331999,0.917431,5.73577,0.942478
584,0,3,0.331999,0.917431,5.84178,1.25664
585,0,3,0.331999,0.917431,4.64184,1.5708
586,0,3,0.331999,0.917431,1.3147,1.88496
587,0,3,0.331999,0.917431,5.37539,2.19911
588,0,3,0.331999,0.917431,4.10354,2.51327
589,0,3,0.331999,0.917431,0.411429,2.82743
590,0,3,0.331999,0.917431,2.36624,3.14159
591,0,3,0.331999,0.917431,0.860761,3.45575
592,0,3,0.331999,0.917431,1.74375,3.76991
593,0,3,0.331999,0.917431,2.15183,4.08407
594,0,3,0.331999,0.917431,5.55365,4.39823
595,0,3,0.331999,0.917431,5.90441,4.71239
596,0,3,0.331999,0.917431,2.18752,5.02655
597,0,3,0.331999,0.917431,3.8802,5.34071
598,0,3,0.331999,0.917431,0.580748,5.65487
599,0,3,0.331999,0.917431,3.38053,5.96903
